[
  { "name": "Aragen Life Sciences", "domain": "aragen.com", "website": "https://www.aragen.com", "documents": [], "repos": [], "videos": [] },
  { "name": "TRL Krosaki Refractories Limited", "domain": "trlkrosaki.com", "website": "https://www.trlkrosaki.com", "documents": [], "repos": [], "videos": [] },
  { "name": "Sonic Biochem Extraction Pvt Ltd", "domain": "sonicbiochem.co.in", "website": "https://www.sonicbiochem.co.in", "documents": [], "repos": [], "videos": [] },
  { "name": "Everest Food Products Pvt Ltd", "domain": "everestspices.com", "website": "https://www.everestspices.com", "documents": [], "repos": [], "videos": [] },
  { "name": "Hetero Drugs Pharmaceutical Company", "domain": "hetero.com", "website": "https://www.hetero.com", "documents": [], "repos": [], "videos": [] },
  { "name": "AGI Greenpac Limited", "domain": "agicoglobal.com", "website": "https://www.agicoglobal.com", "documents": [], "repos": [], "videos": [] },
  { "name": "Sakshi Media Group", "domain": "sakshi.com", "website": "https://www.sakshi.com", "documents": [], "repos": [], "videos": [] }
]


